﻿pos_x,pos_y,rotation,side,designator,mpn,pack,value,mount_type,place
348.475,-22.0762,180.0,bottom,C1,,C_0805_2012Metric,1u,smt,True
323.075,-40.6312,90.0,bottom,C2,,C_0805_2012Metric,0.1u,smt,True
318.3125,-40.6312,90.0,bottom,C3,,C_0805_2012Metric,0.1u,smt,True
320.6938,-40.6312,90.0,bottom,C4,,C_0805_2012Metric,0.1u,smt,True
348.475,-27.9312,0.0,bottom,C5,,C_0805_2012Metric,22p,smt,True
348.475,-24.9212,0.0,bottom,C6,,C_0805_2012Metric,22p,smt,True
325.4563,-40.6312,90.0,bottom,C7,,C_0805_2012Metric,10u,smt,True
41.8625,9.525,90.0,bottom,D_0,,D_SOD-123,D,smt,True
60.9125,9.525,90.0,bottom,D_1,,D_SOD-123,D,smt,True
232.3625,9.525,90.0,bottom,D_10,,D_SOD-123,D,smt,True
251.4125,9.525,90.0,bottom,D_11,,D_SOD-123,D,smt,True
270.4625,9.525,90.0,bottom,D_12,,D_SOD-123,D,smt,True
308.5625,9.525,90.0,bottom,D_13,,D_SOD-123,D,smt,True
332.375,9.525,-90.0,bottom,D_14,,D_SOD-123,D,smt,True
351.425,9.525,90.0,bottom,D_15,,D_SOD-123,D,smt,True
370.475,9.525,-90.0,bottom,D_16,,D_SOD-123,D,smt,True
51.3875,-9.525,90.0,bottom,D_17,,D_SOD-123,D,smt,True
70.4375,-9.525,90.0,bottom,D_18,,D_SOD-123,D,smt,True
89.4875,-9.525,90.0,bottom,D_19,,D_SOD-123,D,smt,True
79.9625,9.525,90.0,bottom,D_2,,D_SOD-123,D,smt,True
108.5375,-9.525,90.0,bottom,D_20,,D_SOD-123,D,smt,True
127.5875,-9.525,90.0,bottom,D_21,,D_SOD-123,D,smt,True
146.6375,-9.525,90.0,bottom,D_22,,D_SOD-123,D,smt,True
165.6875,-9.525,90.0,bottom,D_23,,D_SOD-123,D,smt,True
184.7375,-9.525,90.0,bottom,D_24,,D_SOD-123,D,smt,True
203.7875,-9.525,90.0,bottom,D_25,,D_SOD-123,D,smt,True
222.8375,-9.525,90.0,bottom,D_26,,D_SOD-123,D,smt,True
241.8875,-9.525,90.0,bottom,D_27,,D_SOD-123,D,smt,True
260.9375,-9.525,90.0,bottom,D_28,,D_SOD-123,D,smt,True
279.9875,-9.525,90.0,bottom,D_29,,D_SOD-123,D,smt,True
99.0125,9.525,90.0,bottom,D_3,,D_SOD-123,D,smt,True
308.5625,-9.525,90.0,bottom,D_30,,D_SOD-123,D,smt,True
332.375,-9.525,-90.0,bottom,D_31,,D_SOD-123,D,smt,True
351.425,-9.525,90.0,bottom,D_32,,D_SOD-123,D,smt,True
370.475,-9.525,-90.0,bottom,D_33,,D_SOD-123,D,smt,True
-1.0,-28.575,90.0,bottom,D_34,,D_SOD-123,D,smt,True
18.05,-28.575,90.0,bottom,D_35,,D_SOD-123,D,smt,True
56.15,-28.575,90.0,bottom,D_36,,D_SOD-123,D,smt,True
49.2125,-28.575,90.0,bottom,D_37,,D_SOD-123,D,smt,True
75.2,-28.575,90.0,bottom,D_38,,D_SOD-123,D,smt,True
94.25,-28.575,90.0,bottom,D_39,,D_SOD-123,D,smt,True
118.0625,9.525,90.0,bottom,D_4,,D_SOD-123,D,smt,True
113.3,-28.575,90.0,bottom,D_40,,D_SOD-123,D,smt,True
132.35,-28.575,90.0,bottom,D_41,,D_SOD-123,D,smt,True
151.4,-28.575,90.0,bottom,D_42,,D_SOD-123,D,smt,True
170.45,-28.575,90.0,bottom,D_43,,D_SOD-123,D,smt,True
189.5,-28.575,90.0,bottom,D_44,,D_SOD-123,D,smt,True
208.55,-28.575,90.0,bottom,D_45,,D_SOD-123,D,smt,True
227.6,-28.575,90.0,bottom,D_46,,D_SOD-123,D,smt,True
246.65,-28.575,90.0,bottom,D_47,,D_SOD-123,D,smt,True
265.7,-28.575,90.0,bottom,D_48,,D_SOD-123,D,smt,True
308.5625,-28.575,90.0,bottom,D_49,,D_SOD-123,D,smt,True
137.1125,9.525,90.0,bottom,D_5,,D_SOD-123,D,smt,True
-1.0,-47.625,90.0,bottom,D_50,,D_SOD-123,D,smt,True
18.05,-47.625,90.0,bottom,D_51,,D_SOD-123,D,smt,True
65.675,-47.625,90.0,bottom,D_52,,D_SOD-123,D,smt,True
84.725,-47.625,90.0,bottom,D_53,,D_SOD-123,D,smt,True
103.775,-47.625,90.0,bottom,D_54,,D_SOD-123,D,smt,True
122.825,-47.625,90.0,bottom,D_55,,D_SOD-123,D,smt,True
141.875,-47.625,90.0,bottom,D_56,,D_SOD-123,D,smt,True
160.925,-47.625,90.0,bottom,D_57,,D_SOD-123,D,smt,True
179.975,-47.625,90.0,bottom,D_58,,D_SOD-123,D,smt,True
199.025,-47.625,90.0,bottom,D_59,,D_SOD-123,D,smt,True
156.1625,9.525,90.0,bottom,D_6,,D_SOD-123,D,smt,True
218.075,-47.625,90.0,bottom,D_60,,D_SOD-123,D,smt,True
237.125,-47.625,90.0,bottom,D_61,,D_SOD-123,D,smt,True
256.175,-47.625,90.0,bottom,D_62,,D_SOD-123,D,smt,True
308.5625,-47.625,90.0,bottom,D_63,,D_SOD-123,D,smt,True
351.425,-47.625,90.0,bottom,D_64,,D_SOD-123,D,smt,True
-1.0,-66.675,90.0,bottom,D_65,,D_SOD-123,D,smt,True
18.05,-66.675,90.0,bottom,D_66,,D_SOD-123,D,smt,True
46.625,-66.675,90.0,bottom,D_67,,D_SOD-123,D,smt,True
51.3875,-66.675,90.0,bottom,D_68,,D_SOD-123,D,smt,True
70.4375,-66.675,90.0,bottom,D_69,,D_SOD-123,D,smt,True
175.2125,9.525,90.0,bottom,D_7,,D_SOD-123,D,smt,True
70.4375,-66.675,90.0,bottom,D_70,,D_SOD-123,D,smt,True
94.25,-66.675,90.0,bottom,D_71,,D_SOD-123,D,smt,True
99.0125,-66.675,90.0,bottom,D_72,,D_SOD-123,D,smt,True
213.3125,-66.675,90.0,bottom,D_73,,D_SOD-123,D,smt,True
232.3625,-66.675,90.0,bottom,D_74,,D_SOD-123,D,smt,True
237.125,-66.675,90.0,bottom,D_75,,D_SOD-123,D,smt,True
260.9375,-66.675,90.0,bottom,D_76,,D_SOD-123,D,smt,True
260.9375,-66.675,90.0,bottom,D_77,,D_SOD-123,D,smt,True
284.75,-66.675,90.0,bottom,D_78,,D_SOD-123,D,smt,True
279.9875,-66.675,90.0,bottom,D_79,,D_SOD-123,D,smt,True
194.2625,9.525,90.0,bottom,D_8,,D_SOD-123,D,smt,True
308.5625,-66.675,90.0,bottom,D_80,,D_SOD-123,D,smt,True
308.5625,-66.675,90.0,bottom,D_81,,D_SOD-123,D,smt,True
332.375,-66.675,-90.0,bottom,D_82,,D_SOD-123,D,smt,True
351.425,-66.675,90.0,bottom,D_83,,D_SOD-123,D,smt,True
370.475,-66.675,-90.0,bottom,D_84,,D_SOD-123,D,smt,True
-6.605,-8.8,0.0,bottom,D_85,,D_SOD-123,D,smt,True
213.3125,9.525,90.0,bottom,D_9,,D_SOD-123,D,smt,True
313.55,-35.8687,180.0,bottom,F1,,Fuse_1206_3216Metric,500mA,smt,True
176.9188,-18.1687,0.0,bottom,J1,,JST_SH_SM04B-SRSS-TB_1x04-1MP_P1.00mm_Horizontal,JST SH 4-pin,smt,True
33.3375,10.025,0.0,top,K_0,,MXOnly-1U-NoLED,KEYSW,tht,True
52.3875,10.025,0.0,top,K_1,,MXOnly-1U-NoLED,KEYSW,tht,True
223.8375,10.025,0.0,top,K_10,,MXOnly-1U-NoLED,KEYSW,tht,True
242.8875,10.025,0.0,top,K_11,,MXOnly-1U-NoLED,KEYSW,tht,True
261.9375,10.025,0.0,top,K_12,,MXOnly-1U-NoLED,KEYSW,tht,True
290.5125,10.025,0.0,top,K_13,,MXOnly-2U-NoLED,KEYSW,tht,True
323.85,10.025,0.0,top,K_14,,MXOnly-1U-NoLED,KEYSW,tht,True
342.9,10.025,0.0,top,K_15,,MXOnly-1U-NoLED,KEYSW,tht,True
361.95,10.025,0.0,top,K_16,,MXOnly-1U-NoLED,KEYSW,tht,True
38.1,-9.025,0.0,top,K_17,,MXOnly-1.5U-NoLED,KEYSW,tht,True
61.9125,-9.025,0.0,top,K_18,,MXOnly-1U-NoLED,KEYSW,tht,True
80.9625,-9.025,0.0,top,K_19,,MXOnly-1U-NoLED,KEYSW,tht,True
71.4375,10.025,0.0,top,K_2,,MXOnly-1U-NoLED,KEYSW,tht,True
100.0125,-9.025,0.0,top,K_20,,MXOnly-1U-NoLED,KEYSW,tht,True
119.0625,-9.025,0.0,top,K_21,,MXOnly-1U-NoLED,KEYSW,tht,True
138.1125,-9.025,0.0,top,K_22,,MXOnly-1U-NoLED,KEYSW,tht,True
157.1625,-9.025,0.0,top,K_23,,MXOnly-1U-NoLED,KEYSW,tht,True
176.2125,-9.025,0.0,top,K_24,,MXOnly-1U-NoLED,KEYSW,tht,True
195.2625,-9.025,0.0,top,K_25,,MXOnly-1U-NoLED,KEYSW,tht,True
214.3125,-9.025,0.0,top,K_26,,MXOnly-1U-NoLED,KEYSW,tht,True
233.3625,-9.025,0.0,top,K_27,,MXOnly-1U-NoLED,KEYSW,tht,True
252.4125,-9.025,0.0,top,K_28,,MXOnly-1U-NoLED,KEYSW,tht,True
271.4625,-9.025,0.0,top,K_29,,MXOnly-1U-NoLED,KEYSW,tht,True
90.4875,10.025,0.0,top,K_3,,MXOnly-1U-NoLED,KEYSW,tht,True
295.275,-9.025,0.0,top,K_30,,MXOnly-1.5U-NoLED,KEYSW,tht,True
323.85,-9.025,0.0,top,K_31,,MXOnly-1U-NoLED,KEYSW,tht,True
342.9,-9.025,0.0,top,K_32,,MXOnly-1U-NoLED,KEYSW,tht,True
361.95,-9.025,0.0,top,K_33,,MXOnly-1U-NoLED,KEYSW,tht,True
-9.525,-28.075,0.0,top,K_34,,MXOnly-1U-NoLED,KEYSW,tht,True
9.525,-28.075,0.0,top,K_35,,MXOnly-1U-NoLED,KEYSW,tht,True
40.4813,-28.075,0.0,top,K_36,,MXOnly-1.75U-NoLED,KEYSW,tht,True
35.7188,-28.075,0.0,top,K_37,,MXOnly-1U-NoLED,KEYSW,tht,True
66.675,-28.075,0.0,top,K_38,,MXOnly-1U-NoLED,KEYSW,tht,True
85.725,-28.075,0.0,top,K_39,,MXOnly-1U-NoLED,KEYSW,tht,True
109.5375,10.025,0.0,top,K_4,,MXOnly-1U-NoLED,KEYSW,tht,True
104.775,-28.075,0.0,top,K_40,,MXOnly-1U-NoLED,KEYSW,tht,True
123.825,-28.075,0.0,top,K_41,,MXOnly-1U-NoLED,KEYSW,tht,True
142.875,-28.075,0.0,top,K_42,,MXOnly-1U-NoLED,KEYSW,tht,True
161.925,-28.075,0.0,top,K_43,,MXOnly-1U-NoLED,KEYSW,tht,True
180.975,-28.075,0.0,top,K_44,,MXOnly-1U-NoLED,KEYSW,tht,True
200.025,-28.075,0.0,top,K_45,,MXOnly-1U-NoLED,KEYSW,tht,True
219.075,-28.075,0.0,top,K_46,,MXOnly-1U-NoLED,KEYSW,tht,True
238.125,-28.075,0.0,top,K_47,,MXOnly-1U-NoLED,KEYSW,tht,True
257.175,-28.075,0.0,top,K_48,,MXOnly-1U-NoLED,KEYSW,tht,True
288.1313,-28.075,0.0,top,K_49,,MXOnly-2.25U-NoLED,KEYSW,tht,True
128.5875,10.025,0.0,top,K_5,,MXOnly-1U-NoLED,KEYSW,tht,True
-9.525,-47.125,0.0,top,K_50,,MXOnly-1U-NoLED,KEYSW,tht,True
9.525,-47.125,0.0,top,K_51,,MXOnly-1U-NoLED,KEYSW,tht,True
45.2438,-47.125,0.0,top,K_52,,MXOnly-2.25U-NoLED,KEYSW,tht,True
76.2,-47.125,0.0,top,K_53,,MXOnly-1U-NoLED,KEYSW,tht,True
95.25,-47.125,0.0,top,K_54,,MXOnly-1U-NoLED,KEYSW,tht,True
114.3,-47.125,0.0,top,K_55,,MXOnly-1U-NoLED,KEYSW,tht,True
133.35,-47.125,0.0,top,K_56,,MXOnly-1U-NoLED,KEYSW,tht,True
152.4,-47.125,0.0,top,K_57,,MXOnly-1U-NoLED,KEYSW,tht,True
171.45,-47.125,0.0,top,K_58,,MXOnly-1U-NoLED,KEYSW,tht,True
190.5,-47.125,0.0,top,K_59,,MXOnly-1U-NoLED,KEYSW,tht,True
147.6375,10.025,0.0,top,K_6,,MXOnly-1U-NoLED,KEYSW,tht,True
209.55,-47.125,0.0,top,K_60,,MXOnly-1U-NoLED,KEYSW,tht,True
228.6,-47.125,0.0,top,K_61,,MXOnly-1U-NoLED,KEYSW,tht,True
247.65,-47.125,0.0,top,K_62,,MXOnly-1U-NoLED,KEYSW,tht,True
283.3688,-47.125,0.0,top,K_63,,MXOnly-2.75U-NoLED,KEYSW,tht,True
342.9,-47.1562,0.0,top,K_64,,MXOnly-1U-NoLED,KEYSW,tht,True
-9.525,-66.175,0.0,top,K_65,,MXOnly-1U-NoLED,KEYSW,tht,True
9.525,-66.175,0.0,top,K_66,,MXOnly-1U-NoLED,KEYSW,tht,True
35.7188,-66.175,0.0,top,K_67,,MXOnly-1.25U-NoLED,KEYSW,tht,True
38.1,-66.175,0.0,top,K_68,,MXOnly-1U-NoLED,KEYSW,tht,True
59.5313,-66.175,0.0,top,K_69,,MXOnly-1U-NoLED,KEYSW,tht,True
166.6875,10.025,0.0,top,K_7,,MXOnly-1U-NoLED,KEYSW,tht,True
61.9125,-66.175,0.0,top,K_70,,MXOnly-1U-NoLED,KEYSW,tht,True
83.3438,-66.175,0.0,top,K_71,,MXOnly-1U-NoLED,KEYSW,tht,True
85.725,-66.175,0.0,top,K_72,,MXOnly-1U-NoLED,KEYSW,tht,True
154.7813,-66.175,0.0,top,K_73,,MXOnly-6.25U-NoLED,KEYSW,tht,True
166.6875,-66.175,0.0,top,K_74,,MXOnly-7U-NoLED,KEYSW,tht,True
226.2188,-66.175,0.0,top,K_75,,MXOnly-1U-NoLED,KEYSW,tht,True
247.65,-66.175,0.0,top,K_76,,MXOnly-1U-NoLED,KEYSW,tht,True
250.0313,-66.175,0.0,top,K_77,,MXOnly-1U-NoLED,KEYSW,tht,True
273.8438,-66.175,0.0,top,K_78,,MXOnly-1U-NoLED,KEYSW,tht,True
271.4625,-66.175,0.0,top,K_79,,MXOnly-1U-NoLED,KEYSW,tht,True
185.7375,10.025,0.0,top,K_8,,MXOnly-1U-NoLED,KEYSW,tht,True
295.275,-66.175,0.0,top,K_80,,MXOnly-1U-NoLED,KEYSW,tht,True
297.6563,-66.175,0.0,top,K_81,,MXOnly-1.25U-NoLED,KEYSW,tht,True
323.85,-66.175,0.0,top,K_82,,MXOnly-1U-NoLED,KEYSW,tht,True
342.9,-66.175,0.0,top,K_83,,MXOnly-1U-NoLED,KEYSW,tht,True
361.95,-66.175,0.0,top,K_84,,MXOnly-1U-NoLED,KEYSW,tht,True
204.7875,10.025,0.0,top,K_9,,MXOnly-1U-NoLED,KEYSW,tht,True
313.55,-30.3125,0.0,bottom,R1,,R_0805_2012Metric,22,smt,True
313.55,-27.3625,0.0,bottom,R2,,R_0805_2012Metric,22,smt,True
313.6688,-21.5812,180.0,bottom,R3,,R_0805_2012Metric,10k,smt,True
313.6688,-24.5312,180.0,bottom,R4,,R_0805_2012Metric,10k,smt,True
323.075,-23.9625,0.0,bottom,SW1,,SW_SPST_TL3342,Reset,smt,True
0.0,5.5,0.0,top,SW2,,RotaryEncoder_EC11,RotaryEncoder_Switch,tht,True
338.1563,-27.1375,180.0,bottom,U1,,TQFP-44_10x10mm_P0.8mm,ATmega32U4-AU,smt,True
350.9094,-41.3844,180.0,bottom,U2,,SOT-23-6,SRV05-4,smt,True
321.4875,-34.2812,0.0,bottom,Y1,,Crystal_SMD_3225-4Pin_3.2x2.5mm,16MHz,smt,True
