﻿designator,quantity,value,pack,mpn,mount_type
C1,1,1u,C_0805_2012Metric,,smt
"C2, C3, C4",3,0.1u,C_0805_2012Metric,,smt
"C5, C6",2,22p,C_0805_2012Metric,,smt
C7,1,10u,C_0805_2012Metric,,smt
"D_0, D_1, D_10, D_11, D_12, D_13, D_14, D_15, D_16, D_17, D_18, D_19, D_2, D_20, D_21, D_22, D_23, D_24, D_25, D_26, D_27, D_28, D_29, D_3, D_30, D_31, D_32, D_33, D_34, D_35, D_36, D_37, D_38, D_39, D_4, D_40, D_41, D_42, D_43, D_44, D_45, D_46, D_47, D_48, D_49, D_5, D_50, D_51, D_52, D_53, D_54, D_55, D_56, D_57, D_58, D_59, D_6, D_60, D_61, D_62, D_63, D_64, D_65, D_66, D_67, D_68, D_69, D_7, D_70, D_71, D_72, D_73, D_74, D_75, D_76, D_77, D_78, D_79, D_8, D_80, D_81, D_82, D_83, D_84, D_85, D_9",86,D,D_SOD-123,,smt
F1,1,500mA,Fuse_1206_3216Metric,,smt
J1,1,JST SH 4-pin,JST_SH_SM04B-SRSS-TB_1x04-1MP_P1.00mm_Horizontal,,smt
"K_0, K_1, K_10, K_11, K_12, K_14, K_15, K_16, K_18, K_19, K_2, K_20, K_21, K_22, K_23, K_24, K_25, K_26, K_27, K_28, K_29, K_3, K_31, K_32, K_33, K_34, K_35, K_37, K_38, K_39, K_4, K_40, K_41, K_42, K_43, K_44, K_45, K_46, K_47, K_48, K_5, K_50, K_51, K_53, K_54, K_55, K_56, K_57, K_58, K_59, K_6, K_60, K_61, K_62, K_64, K_65, K_66, K_68, K_69, K_7, K_70, K_71, K_72, K_75, K_76, K_77, K_78, K_79, K_8, K_80, K_82, K_83, K_84, K_9",74,KEYSW,MXOnly-1U-NoLED,,tht
K_13,1,KEYSW,MXOnly-2U-NoLED,,tht
"K_17, K_30",2,KEYSW,MXOnly-1.5U-NoLED,,tht
K_36,1,KEYSW,MXOnly-1.75U-NoLED,,tht
"K_49, K_52",2,KEYSW,MXOnly-2.25U-NoLED,,tht
K_63,1,KEYSW,MXOnly-2.75U-NoLED,,tht
"K_67, K_81",2,KEYSW,MXOnly-1.25U-NoLED,,tht
K_73,1,KEYSW,MXOnly-6.25U-NoLED,,tht
K_74,1,KEYSW,MXOnly-7U-NoLED,,tht
"R1, R2",2,22,R_0805_2012Metric,,smt
"R3, R4",2,10k,R_0805_2012Metric,,smt
SW1,1,Reset,SW_SPST_TL3342,,smt
SW2,1,RotaryEncoder_Switch,RotaryEncoder_EC11,,tht
U1,1,ATmega32U4-AU,TQFP-44_10x10mm_P0.8mm,,smt
U2,1,SRV05-4,SOT-23-6,,smt
Y1,1,16MHz,Crystal_SMD_3225-4Pin_3.2x2.5mm,,smt
